<?xml version="1.0" encoding="UTF-8"?>
<project-private xmlns="http://www.netbeans.org/ns/project-private/1">
    <editor-bookmarks xmlns="http://www.netbeans.org/ns/editor-bookmarks/2" lastBookmarkId="0"/>
    <open-files xmlns="http://www.netbeans.org/ns/projectui-open-files/2">
        <group>
            <file>file:/C:/Users/SALMAN/Desktop/Classes&amp;Objects_Ass1/Car_Dealership/src/car_dealership/Make.java</file>
            <file>file:/C:/Users/SALMAN/Desktop/Classes&amp;Objects_Ass1/Car_Dealership/src/car_dealership/Model.java</file>
            <file>file:/C:/Users/SALMAN/Desktop/Classes&amp;Objects_Ass1/Car_Dealership/src/car_dealership/Car.java</file>
            <file>file:/C:/Users/SALMAN/Desktop/Classes&amp;Objects_Ass1/Car_Dealership/src/car_dealership/ModelDetails.java</file>
            <file>file:/C:/Users/SALMAN/Desktop/Classes&amp;Objects_Ass1/Car_Dealership/src/car_dealership/Car_Dealership.java</file>
        </group>
    </open-files>
</project-private>
